"Rank","Name","Symbol","marketcap","price (USD)","country"
"1","LVMH","MC.PA","210344381917","426.692","France"
"2","Inditex","ITX.MC","185835841259","59.6582","Spain"
"3","Hermès","RMS.PA","153273111200","1463.35","France"
"4","TJX Companies","TJX","147577454592","133.59","United States"
"5","Fast Retailing","9983.T","138338525159","450.833","Japan"
"6","Dior","CDI.PA","82801436229","458.961","France"
"7","Cintas","CTAS","78145527808","195.6","United States"
"8","Ross Stores","ROST","74783973376","234.1","United States"
"9","Nike","NKE","52144984064","35.15","United States"
"10","Kering","KER.PA","29958302244","244.322","France"
"11","Adidas","ADS.DE","28078162728","160.389","Germany"
"12","H&amp;M","HM-B.ST","25150301583","15.7547","Sweden"
"13","Tapestry","TPR","23775463424","119.24","United States"
"14","Next plc","NXT.L","21809230105","191.054","United Kingdom"
"15","Ralph Lauren","RL","21608095744","362.66","United States"
"16","Burlington Stores","BURL","17294280704","275.32","United States"
"17","Moncler","MONC.MI","13269208142","48.7857","Italy"
"18","Prada","1913.HK","11865554730","4.63711","Italy"
"19","LPP SA","LPP.WA","11811839538","6354.87","Poland"
"20","lululemon athletica","LULU","10612663296","95.86","Canada"
"21","Aritzia","ATZ.TO","9723003481","84.8575","Canada"
"22","Gap Inc.","GAP","7984370176","22.73","United States"
"23","Gildan","GIL","7763241472","41.92","Canada"
"24","Levi Strauss &amp; Co.","LEVI","7666223104","19.92","United States"
"25","Victoria's Secret &amp; Co","VSXY","7059915264","88.51","United States"
"26","Urban Outfitters","URBN","6747452416","78.77","United States"
"27","Zalando","ZAL.DE","6101447087","24.9831","Germany"
"28","Brunello Cucinelli","BC.MI","6040027236","88.8239","Italy"
"29","Bosideng","3998.HK","5846975629","0.502205","Hong Kong"
"30","Abercrombie &amp; Fitch","ANF","5786351616","136.36","United States"
"31","VF Corporation","VFC","5665069056","14.41","United States"
"32","JD Sports Fashion","JD.L","5025902523","1.0669","United Kingdom"
"33","Burberry","BRBY.L","4797327861","13.3923","United Kingdom"
"34","UniFirst","UNF","4562998272","252.32","United States"
"35","Page Industries","PAGEIND.NS","4262622564","382.165","India"
"36","Pepkor","PPH.JO","3870058700","1.04945","South Africa"
"37","PUMA","PUM.DE","3692636200","25.0843","Germany"
"38","Boot Barn Holdings","BOOT","3663860480","120.98","United States"
"39","PVH Corp.","PVH","3499554560","75.85","United States"
"40","Kontoor Brands","KTB","3471598080","63.52","United States"
"41","Ermenegildo Zegna","ZGN","3393383936","12.62","Italy"
"42","American Eagle Outfitters","AEO","3011292672","17.97","United States"
"43","Columbia Sportswear","COLM","2953335296","57.69","United States"
"44","FIGS","FIGS","2339254528","14.08","United States"
"45","Buckle","BKE","2199065600","42.69","United States"
"46","Lojas Renner","LREN3.SA","2070860211","2.18478","Brazil"
"47","Under Armour","UA","1945841408","4.53","United States"
"48","F&amp;F Co","383220.KS","1904184764","50.8032","South Korea"
"49","Capri Holdings","CPRI","1645675392","14.48","United Kingdom"
"50","OVS S.p.A.","OVS.MI","1594726143","6.59995","Italy"
"51","PAL GROUP Holdings","2726.T","1530434295","8.84457","Japan"
"52","Arvind","ARVIND.NS","1521465788","5.59279","India"
"53","Revolve Group","RVLV","1519124224","21.23","United States"
"54","Delta Galil Industries","DELG.TA","1517183053","57.8142","Israel"
"55","Misto Holdings (Fila)","081660.KS","1488298996","28.2689","South Korea"
"56","Savers Value Village","SVV","1417419648","9.25","United States"
"57","LuxExperience","LUXE","1396998272","10","Germany"
"58","Fox-Wizel","FOX.TA","1372716392","98.7293","Israel"
"59","Vedant Fashions","MANYAVAR.NS","1311681056","5.39837","India"
"60","G-III Apparel Group","GIII","1182105344","27.57","United States"
"61","Carter's","CRI","1164111616","31.71","United States"
"62","Wacoal Holdings","3591.T","1140040100","23.0604","Japan"
"63","The Foschini Group","TFG.JO","887462700","2.81467","South Africa"
"64","AOKI Holdings","8214.T","885613419","10.5148","Japan"
"65","Adastria","2685.T","874627143","18.9608","Japan"
"66","Delta Israel Brands","DLTI.TA","866670837","34.6281","Israel"
"67","Boozt","BOOZT.ST","842840870","14.4563","Sweden"
"68","Topsports International","6110.HK","806236340","0.130012","Hong Kong"
"69","ASOS","ASC.L","797237251","6.66315","United Kingdom"
"70","Canada Goose","GOOS","757846336","7.76","Canada"
"71","Reformation Inc.","REF","750307328","12.7","United States"
"72","World Co., Ltd.","3612.T","743384893","9.7556","Japan"
"73","Aoyama Trading","8219.T","640342209","4.51086","Japan"
"74","Onward Holdings Co., Ltd.","8016.T","605259855","4.44127","Japan"
"75","Mavi Giyim Sanayi ve Ticaret","MAVI.IS","597985167","0.763121","Turkey"
"76","Aditya Birla Fashion and Retail","ABFRL.NS","565089759","0.464415","India"
"77","RVRC Holding","RVRC.ST","533700394","5.04427","Sweden"
"78","Nueva Expresión Textil","NXT.MC","524842524","1.1356","Spain"
"79","Gokaldas Exports","GOKEX.NS","521707525","7.11999","India"
"80","PDS Multinational","PDSL.NS","510902350","3.61733","India"
"81","SMCP S.A.","SMCP.PA","508082210","6.50438","France"
"82","Interloop","ILP.PK","507701099","0.362201","Pakistan"
"83","Boohoo Group","DEBS.L","435851189","0.277081","United Kingdom"
"84","Marimekko","MEKKO.HE","426176782","10.5352","Finland"
"85","Van de Velde","VAN.BR","417268448","33.6182","Belgium"
"86","Citi Trends, Inc.","CTRN","411968704","49.4","United States"
"87","Lindex Group","LINDEX.HE","405054875","2.46796","Finland"
"88","Universal Store Holdings","UNI.AX","403150786","5.25478","Australia"
"89","Oxford Industries","OXM","380148576","25.38","United States"
"90","J.Jill","JILL","362656640","24.4","United States"
"91","Thob Al Aseel Company","4012.SR","348400490","0.871001","Saudi Arabia"
"92","Stitch Fix","SFIX","347369568","2.6","United States"
"93","Lux Industries","LUXIND.NS","343140355","11.4107","India"
"94","Fenix Outdoor","FOI-B.ST","316726237","28.6539","Switzerland"
"95","Lands' End","LE","309918176","10.49","United States"
"96","Kewal Kiran Clothing","KKCL.NS","308167366","5.00067","India"
"97","ThredUp","TDUP","279740672","2.13","United States"
"98","Giordano","0709.HK","267837142","0.165702","Hong Kong"
"99","Siyaram Silk Mills","SIYSIL.NS","253981792","5.598","India"
"100","Kitex Garments","KITEX.NS","242805476","1.21707","India"
"101","Torrid Holding","CURV","226363104","2.27","United States"
"102","Eagle Nice","2368.HK","212241817","0.369643","Hong Kong"
"103","Zumiez","ZUMZ","206656656","13.48","United States"
"104","Superior Group of Companies","SGC","206330896","12.94","United States"
"105","Cantabil Retail India","CANTABIL.NS","195451950","2.33688","India"
"106","Dollar Industries","DOLLAR.NS","159487498","2.81203","India"
"107","Texwinca Holdings","0321.HK","157623322","0.11408","Hong Kong"
"108","Duluth Holdings","DLTH","149739696","3.94","United States"
"109","Tillys","TLYS","138254432","4.52","United States"
"110","Björn Borg","BORG.ST","134644874","5.34275","Sweden"
"111","Vince Holding","VNCE","131389200","10.15","United States"
"112","CALIDA Holding","CALN.SW","120467398","17.2381","Switzerland"
"113","a.k.a. Brands","AKA","119252992","10.85","United States"
"114","Monte Carlo Fashions","MONTECARLO.NS","112989160","5.44997","India"
"115","GEOX","GEO.MI","112189637","0.306386","Italy"
"116","Rupa Company","RUPA.NS","108610934","1.36541","India"
"117","Global Fashion Group","GFG.DE","107130613","0.471104","Luxembourg"
"118","Answear.com","ANR.WA","105709280","5.54668","Poland"
"119","Lakeland Industries","LAKE","100604536","10.13","United States"
"120","Grand Twins International Cambodia","GTI.KH","84189723","2.1","Cambodia"
"121","LUDWIG BECK am Rathauseck - Textilhaus Feldmeier","ECK.DE","79766134","21.5876","Germany"
"122","Rent the Runway","RENT","55984204","1.65","United States"
"123","LightInTheBox Holding","LITB","55431696","2.81","Singapore"
"124","Cato Fashion","CATO","47589556","2.39","United States"
"125","The Children's Place","PLCE","46030728","2.07","United States"
"126","Allbirds","BIRD","41214084","3.49","United States"
"127","Pattern S.p.A.","PTR.MI","39911868","2.67596","Italy"
"128","Lulu's Fashion Lounge","LVLU","39599032","13.79","United States"
"129","Wolford","WOL.VI","37557335","2.54104","Austria"
"130","Destination XL","DXLG","25514180","0.4601","United States"
"131","Söktas Tekstil","SKTAS.IS","25132123","0.0502642","Turkey"
"132","Le Slip Français","ALLSF.PA","14318426","13.3798","France"
"133","Perfect Moment","PMNT","5586265","0.105","United Kingdom"
"134","Kidpik","PIK","4644903","2.38","United States"
"135","KMD Brands","KMD.NZ","1965548","0.0414161","New Zealand"
